f_n,l_n,email,p_n
Donavon,Siney,,404 418 688
Norman,Kasher,nkasher1@exblog.jp,821 702 537
Carley,Vanyushin,cvanyushin2@cyberchimps.com,
Melvin,Allchin,mallchin3@hc360.com,763 730 420
Norah,Mattioni,nmattioni4@amazon.co.uk,512 570 562
Dawna,Swidenbank,dswidenbank5@scribd.com,
Dorise,Shiel,dshiel6@simplemachines.org,
Devi,Labbez,dlabbez7@flickr.com,155 195 802
Aretha,Dussy,adussy8@intel.com,
Joelle,Sendley,,
Lillian,Cuthbertson,,
Meridith,Rennie,mrennieb@berkeley.edu,121 991 688
Malinde,Ledner,mlednerc@wunderground.com,595 191 369
Tobe,Wilcocks,twilcocksd@ted.com,878 477 225
Jammal,Quinn,jquinne@arizona.edu,
Carlina,Pistol,,744 701 842
Thornton,Littledike,,547 843 195
Dayna,O'Fielly,dofiellyh@tripod.com,475 295 099
Morgana,Tiffin,,835 400 922
Gerrie,Petrelluzzi,gpetrelluzzij@cbslocal.com,457 513 954
